profile,cvss,operational_risk_score,operational_risk
"IT zone, isolated",0.0,4.0,LOW
"IT zone, isolated",0.5,6.0,LOW
"IT zone, isolated",1.0,8.0,LOW
"IT zone, isolated",1.5,10.0,LOW
"IT zone, isolated",2.0,12.0,LOW
"IT zone, isolated",2.5,14.0,LOW
"IT zone, isolated",3.0,16.0,LOW
"IT zone, isolated",3.5,18.0,LOW
"IT zone, isolated",4.0,20.0,LOW
"IT zone, isolated",4.5,22.0,LOW
"IT zone, isolated",5.0,24.0,LOW
"IT zone, isolated",5.5,26.0,MEDIUM
"IT zone, isolated",6.0,28.0,MEDIUM
"IT zone, isolated",6.5,30.0,MEDIUM
"IT zone, isolated",7.0,32.0,MEDIUM
"IT zone, isolated",7.5,34.0,MEDIUM
"IT zone, isolated",8.0,36.0,MEDIUM
"IT zone, isolated",8.5,38.0,MEDIUM
"IT zone, isolated",9.0,40.0,MEDIUM
"IT zone, isolated",9.5,42.0,MEDIUM
"IT zone, isolated",10.0,44.0,MEDIUM
"SCADA, isolated",0.0,14.0,LOW
"SCADA, isolated",0.5,16.0,LOW
"SCADA, isolated",1.0,18.0,LOW
"SCADA, isolated",1.5,20.0,LOW
"SCADA, isolated",2.0,22.0,LOW
"SCADA, isolated",2.5,24.0,LOW
"SCADA, isolated",3.0,26.0,MEDIUM
"SCADA, isolated",3.5,28.0,MEDIUM
"SCADA, isolated",4.0,30.0,MEDIUM
"SCADA, isolated",4.5,32.0,MEDIUM
"SCADA, isolated",5.0,34.0,MEDIUM
"SCADA, isolated",5.5,36.0,MEDIUM
"SCADA, isolated",6.0,38.0,MEDIUM
"SCADA, isolated",6.5,40.0,MEDIUM
"SCADA, isolated",7.0,42.0,MEDIUM
"SCADA, isolated",7.5,44.0,MEDIUM
"SCADA, isolated",8.0,46.0,MEDIUM
"SCADA, isolated",8.5,48.0,MEDIUM
"SCADA, isolated",9.0,50.0,HIGH
"SCADA, isolated",9.5,52.0,HIGH
"SCADA, isolated",10.0,54.0,HIGH
"SCADA, vendor-reachable + public exploit",0.0,39.0,MEDIUM
"SCADA, vendor-reachable + public exploit",0.5,41.0,MEDIUM
"SCADA, vendor-reachable + public exploit",1.0,43.0,MEDIUM
"SCADA, vendor-reachable + public exploit",1.5,45.0,MEDIUM
"SCADA, vendor-reachable + public exploit",2.0,47.0,MEDIUM
"SCADA, vendor-reachable + public exploit",2.5,49.0,MEDIUM
"SCADA, vendor-reachable + public exploit",3.0,51.0,HIGH
"SCADA, vendor-reachable + public exploit",3.5,53.0,HIGH
"SCADA, vendor-reachable + public exploit",4.0,55.0,HIGH
"SCADA, vendor-reachable + public exploit",4.5,57.0,HIGH
"SCADA, vendor-reachable + public exploit",5.0,59.0,HIGH
"SCADA, vendor-reachable + public exploit",5.5,61.0,HIGH
"SCADA, vendor-reachable + public exploit",6.0,63.0,HIGH
"SCADA, vendor-reachable + public exploit",6.5,65.0,HIGH
"SCADA, vendor-reachable + public exploit",7.0,67.0,HIGH
"SCADA, vendor-reachable + public exploit",7.5,69.0,HIGH
"SCADA, vendor-reachable + public exploit",8.0,71.0,HIGH
"SCADA, vendor-reachable + public exploit",8.5,73.0,HIGH
"SCADA, vendor-reachable + public exploit",9.0,75.0,CRITICAL
"SCADA, vendor-reachable + public exploit",9.5,77.0,CRITICAL
"SCADA, vendor-reachable + public exploit",10.0,79.0,CRITICAL
"SCADA, internet-exposed + vendor + exploit",0.0,64.0,HIGH
"SCADA, internet-exposed + vendor + exploit",0.5,66.0,HIGH
"SCADA, internet-exposed + vendor + exploit",1.0,68.0,HIGH
"SCADA, internet-exposed + vendor + exploit",1.5,70.0,HIGH
"SCADA, internet-exposed + vendor + exploit",2.0,72.0,HIGH
"SCADA, internet-exposed + vendor + exploit",2.5,74.0,HIGH
"SCADA, internet-exposed + vendor + exploit",3.0,76.0,CRITICAL
"SCADA, internet-exposed + vendor + exploit",3.5,78.0,CRITICAL
"SCADA, internet-exposed + vendor + exploit",4.0,80.0,CRITICAL
"SCADA, internet-exposed + vendor + exploit",4.5,82.0,CRITICAL
"SCADA, internet-exposed + vendor + exploit",5.0,84.0,CRITICAL
"SCADA, internet-exposed + vendor + exploit",5.5,86.0,CRITICAL
"SCADA, internet-exposed + vendor + exploit",6.0,88.0,CRITICAL
"SCADA, internet-exposed + vendor + exploit",6.5,90.0,CRITICAL
"SCADA, internet-exposed + vendor + exploit",7.0,92.0,CRITICAL
"SCADA, internet-exposed + vendor + exploit",7.5,94.0,CRITICAL
"SCADA, internet-exposed + vendor + exploit",8.0,96.0,CRITICAL
"SCADA, internet-exposed + vendor + exploit",8.5,98.0,CRITICAL
"SCADA, internet-exposed + vendor + exploit",9.0,100.0,CRITICAL
"SCADA, internet-exposed + vendor + exploit",9.5,100.0,CRITICAL
"SCADA, internet-exposed + vendor + exploit",10.0,100.0,CRITICAL
