src_zone,dst_zone,expected_allowed,actual_allowed,matches_policy
ot-engineering,scada,1,1,1
auxiliary,scada,0,0,1
dmz,scada,0,0,1
it-enterprise,scada,0,0,1
vendor-remote,scada,0,0,1
scada,auxiliary,0,0,1
ot-engineering,auxiliary,1,1,1
dmz,auxiliary,1,1,1
it-enterprise,auxiliary,0,0,1
vendor-remote,auxiliary,0,0,1
scada,dmz,0,0,1
ot-engineering,dmz,0,0,1
auxiliary,dmz,0,0,1
it-enterprise,dmz,1,1,1
vendor-remote,dmz,1,1,1
scada,ot-engineering,0,0,1
auxiliary,ot-engineering,0,0,1
dmz,ot-engineering,1,1,1
it-enterprise,ot-engineering,0,0,1
vendor-remote,ot-engineering,0,0,1
