row,timestamp,power_kw,power_std_kw,power_min_kw,power_max_kw,register_40001_power_x10
0,2022-01-01 00:00:00,630.89,205.323,320.397,1072.797,6309
1,2022-01-01 00:10:00,809.339,229.961,507.902,1357.928,8093
2,2022-01-01 00:20:00,893.607,329.006,304.071,1699.827,8936
3,2022-01-01 00:30:00,995.584,224.346,575.405,1381.435,9956
4,2022-01-01 00:40:00,926.519,258.972,486.401,1485.389,9265
5,2022-01-01 00:50:00,955.778,160.519,615.985,1240.977,9558
6,2022-01-01 01:00:00,746.642,253.285,423.06,1550.821,7466
7,2022-01-01 01:10:00,570.32,223.735,294.254,1113.399,5703
8,2022-01-01 01:20:00,744.512,200.48,359.985,1049.022,7445
9,2022-01-01 01:30:00,691.198,158.492,454.421,957.97,6912
10,2022-01-01 01:40:00,1025.595,357.818,432.802,1771.139,10256
11,2022-01-01 01:50:00,1337.58,208.896,999.777,1754.599,13376
12,2022-01-01 02:00:00,1273.135,203.198,976.11,1779.408,12731
13,2022-01-01 02:10:00,1148.871,240.957,723.77,1883.042,11489
14,2022-01-01 02:20:00,1291.248,228.046,1036.783,1723.121,12912
15,2022-01-01 02:30:00,1160.84,166.799,816.733,1537.344,11608
16,2022-01-01 02:40:00,797.882,131.571,554.522,1123.162,7979
17,2022-01-01 02:50:00,956.079,231.507,608.975,1296.23,9561
18,2022-01-01 03:00:00,761.969,161.722,465.337,1121.636,7620
19,2022-01-01 03:10:00,959.72,196.529,578.905,1350.736,9597
